run_id,task,metric,value,stderr,num_fewshot,limit,num_samples
20260924T225750Z_h100-80gbx1_qwen3-8b_fp8,mmlu_pro,exact_match,0.6263297872340425,0.004251484876354923,,,
20260924T225750Z_h100-80gbx1_qwen3-8b_fp8,gpqa_diamond_cot_zeroshot,exact_match,0.45454545454545453,0.03547601494006937,,,198
20260924T225750Z_h100-80gbx1_qwen3-8b_fp8,gsm8k,exact_match,0.8642911296436695,0.009433577908567322,,,1319
20260924T225750Z_h100-80gbx1_qwen3-8b_fp8,minerva_math500,math_verify,0.822,0.017123622189062257,,,500
20260924T225750Z_h100-80gbx1_qwen3-8b_fp8,ifeval,prompt_level_strict_acc,0.8354898336414048,0.01595401792671804,,,541
20260924T225750Z_h100-80gbx1_qwen3-8b_fp8,arc_challenge_chat,exact_match_letter,0.8762798634812287,0.009621951504699768,,,1172
20260924T125045Z_h100-80gbx1_qwen3-8b_bf16,mmlu_pro,exact_match,0.6318151595744681,0.004241537955342206,,,
20260924T125045Z_h100-80gbx1_qwen3-8b_bf16,gpqa_diamond_cot_zeroshot,exact_match,0.494949494949495,0.035621707606254015,,,198
20260924T125045Z_h100-80gbx1_qwen3-8b_bf16,gsm8k,exact_match,0.8385140257771039,0.01013595945213431,,,1319
20260924T125045Z_h100-80gbx1_qwen3-8b_bf16,minerva_math500,math_verify,0.808,0.017632180454360998,,,500
20260924T125045Z_h100-80gbx1_qwen3-8b_bf16,ifeval,prompt_level_strict_acc,0.833641404805915,0.016025639930548313,,,541
20260924T125045Z_h100-80gbx1_qwen3-8b_bf16,arc_challenge_chat,exact_match_letter,0.8796928327645052,0.009506766557216604,,,1172
