provider,gpu_type,provisioning,usd_per_gpu_hour,min_gpus,product,source,checked_at,notes
runpod,H100-80GB,on-demand,2.69,1,"H100 SXM, Community Cloud",https://www.runpod.io/pricing,2026-09-25,
runpod,H100-80GB,on-demand,3.49,1,"H100 SXM, Secure Cloud",https://www.runpod.io/pricing,2026-09-25,
vast,H100-80GB,on-demand,3.4727,1,"H100 SXM, marketplace median",https://console.vast.ai/api/v0/bundles/,2026-09-28,median of 7 verified rentable 1x offers; marketplace prices move daily
nebius,H100-80GB,on-demand,3.85,1,HGX H100,https://nebius.com/prices,2026-09-25,
lambda,H100-80GB,on-demand,4.29,1,1x H100 SXM,https://lambda.ai/pricing,2026-09-25,
lambda,H100-80GB,on-demand,3.99,8,8x H100 SXM,https://lambda.ai/pricing,2026-09-25,
gcp,H100-80GB,spot,6.571,1,"a3-highgpu-1g Spot, us-central1",https://cloud.google.com/billing/v1/how-tos/catalog-api (Compute Engine SKUs: GPU + vCPU + RAM),2026-09-26,GPU $5.8632 + 26 vCPU + 234 GiB from the Cloud Billing catalog; boot disk excluded
gcp,H100-80GB,on-demand,10.9791,1,"a3-highgpu-1g, us-central1",https://cloud.google.com/billing/v1/how-tos/catalog-api (Compute Engine SKUs: GPU + vCPU + RAM),2026-09-26,1g/2g/4g shapes are Spot/Flex-start only; on-demand-equivalent list price
runpod,H100-PCIe-80GB,on-demand,1.99,1,"H100 PCIe, Community Cloud",https://www.runpod.io/pricing,2026-09-25,
runpod,H100-PCIe-80GB,on-demand,2.89,1,"H100 PCIe, Secure Cloud",https://www.runpod.io/pricing,2026-09-25,
lambda,H100-PCIe-80GB,on-demand,3.29,1,1x H100 PCIe,https://lambda.ai/pricing,2026-09-25,
runpod,H100-NVL-94GB,on-demand,2.59,1,"H100 NVL, Community Cloud",https://www.runpod.io/pricing,2026-09-25,
runpod,H100-NVL-94GB,on-demand,3.19,1,"H100 NVL, Secure Cloud",https://www.runpod.io/pricing,2026-09-25,
runpod,H200-141GB,on-demand,3.59,1,"H200, Community Cloud",https://www.runpod.io/pricing,2026-09-25,
runpod,H200-141GB,on-demand,4.59,1,"H200, Secure Cloud",https://www.runpod.io/pricing,2026-09-25,
nebius,H200-141GB,on-demand,4.5,1,HGX H200,https://nebius.com/prices,2026-09-25,
runpod,B200-180GB,on-demand,5.98,1,"B200, Community Cloud",https://www.runpod.io/pricing,2026-09-25,
runpod,B200-180GB,on-demand,6.79,1,"B200, Secure Cloud",https://www.runpod.io/pricing,2026-09-25,
lambda,B200-180GB,on-demand,6.99,1,1x B200 SXM6,https://lambda.ai/pricing,2026-09-25,
nebius,B200-180GB,on-demand,7.15,1,HGX B200,https://nebius.com/prices,2026-09-25,
lambda,GH200-96GB,on-demand,2.29,1,1x GH200,https://lambda.ai/pricing,2026-09-25,
runpod,A100-80GB,on-demand,1.39,1,"A100 SXM, Community Cloud",https://www.runpod.io/pricing,2026-09-25,
runpod,A100-80GB,on-demand,1.59,1,"A100 SXM, Secure Cloud",https://www.runpod.io/pricing,2026-09-25,
lambda,A100-80GB,on-demand,2.79,8,8x A100 SXM 80GB,https://lambda.ai/pricing,2026-09-25,
runpod,A100-PCIe-80GB,on-demand,1.19,1,"A100 PCIe, Community Cloud",https://www.runpod.io/pricing,2026-09-25,
runpod,A100-PCIe-80GB,on-demand,1.59,1,"A100 PCIe, Secure Cloud",https://www.runpod.io/pricing,2026-09-25,
lambda,A100-40GB,on-demand,1.99,1,1x A100 SXM 40GB,https://lambda.ai/pricing,2026-09-25,
runpod,L40S-48GB,on-demand,0.79,1,"L40S, Community Cloud",https://www.runpod.io/pricing,2026-09-25,
runpod,L40S-48GB,on-demand,1.09,1,"L40S, Secure Cloud",https://www.runpod.io/pricing,2026-09-25,
nebius,L40S-48GB,on-demand,1.55,1,L40S (Intel),https://nebius.com/prices,2026-09-25,
lambda,A10-24GB,on-demand,1.29,1,1x A10,https://lambda.ai/pricing,2026-09-25,
runpod,RTX4090-24GB,on-demand,0.34,1,"RTX 4090, Community Cloud",https://www.runpod.io/pricing,2026-09-25,
runpod,RTX4090-24GB,on-demand,0.74,1,"RTX 4090, Secure Cloud",https://www.runpod.io/pricing,2026-09-25,
