run_id,model,precision,gpu_type,gpu_count,workload,max_users_slo,requests_per_s,output_tokens_per_s,provider,provisioning,product,source,checked_at,usd_per_hour,usd_per_month,usd_per_1m_output_tokens,usd_per_1m_total_tokens,usd_per_1k_requests,measured_price
20260924T225750Z_h100-80gbx1_qwen3-8b_fp8,Qwen/Qwen3-8B,fp8,H100-80GB,1,prefill-1024-128,108,32.25802607049752,4129.027337023683,runpod,on-demand,"H100 SXM, Community Cloud",https://www.runpod.io/pricing,2026-09-25,2.69,1963.7,0.18096809762486116,0.020107566402762348,0.023163916495982227,False
20260924T225750Z_h100-80gbx1_qwen3-8b_fp8,Qwen/Qwen3-8B,fp8,H100-80GB,1,prefill-1024-128,108,32.25802607049752,4129.027337023683,vast,on-demand,"H100 SXM, marketplace median",https://console.vast.ai/api/v0/bundles/,2026-09-25,3.17,2314.1,0.21325980277725273,0.023695533641916965,0.02729725475548835,False
20260924T225750Z_h100-80gbx1_qwen3-8b_fp8,Qwen/Qwen3-8B,fp8,H100-80GB,1,prefill-1024-128,108,32.25802607049752,4129.027337023683,runpod,on-demand,"H100 SXM, Secure Cloud",https://www.runpod.io/pricing,2026-09-25,3.49,2547.7,0.23478760621218045,0.026087511801353384,0.030052813595159097,False
20260924T225750Z_h100-80gbx1_qwen3-8b_fp8,Qwen/Qwen3-8B,fp8,H100-80GB,1,prefill-1024-128,108,32.25802607049752,4129.027337023683,nebius,on-demand,HGX H100,https://nebius.com/prices,2026-09-25,3.85,2810.5,0.2590063850764741,0.02877848723071935,0.03315281728978869,False
20260924T225750Z_h100-80gbx1_qwen3-8b_fp8,Qwen/Qwen3-8B,fp8,H100-80GB,1,prefill-1024-128,108,32.25802607049752,4129.027337023683,lambda,on-demand,1x H100 SXM,https://lambda.ai/pricing,2026-09-25,4.29,3131.7,0.28860711479949974,0.03206745719994441,0.036941710694335966,False
20260924T225750Z_h100-80gbx1_qwen3-8b_fp8,Qwen/Qwen3-8B,fp8,H100-80GB,1,prefill-1024-128,108,32.25802607049752,4129.027337023683,gcp,spot,"a3-highgpu-1g Spot, us-central1",https://cloud.google.com/products/compute/pricing/accelerator-optimized,2026-09-24,6.57,4796.1,0.44199271427335973,0.04911030158592886,0.05657506742699004,False
20260924T225750Z_h100-80gbx1_qwen3-8b_fp8,Qwen/Qwen3-8B,fp8,H100-80GB,1,prefill-1024-128,108,32.25802607049752,4129.027337023683,gcp,on-demand,"a3-highgpu-1g, us-central1",https://instances.vantage.sh/gcp/a3-highgpu-1g,2026-09-25,10.92,7971.6,0.7346362922169084,0.0816262546907676,0.09403344540376427,False
20260924T225750Z_h100-80gbx1_qwen3-8b_fp8,Qwen/Qwen3-8B,fp8,H100-80GB,1,decode-128-1024,472,14.74949037164476,15103.478140564233,runpod,on-demand,"H100 SXM, Community Cloud",https://www.runpod.io/pricing,2026-09-25,2.69,1963.7,0.049473519626937246,0.04397646189061088,0.050660884097983735,False
20260924T225750Z_h100-80gbx1_qwen3-8b_fp8,Qwen/Qwen3-8B,fp8,H100-80GB,1,decode-128-1024,472,14.74949037164476,15103.478140564233,vast,on-demand,"H100 SXM, marketplace median",https://console.vast.ai/api/v0/bundles/,2026-09-25,3.17,2314.1,0.05830150825925318,0.051823562897113935,0.05970074445747526,False
20260924T225750Z_h100-80gbx1_qwen3-8b_fp8,Qwen/Qwen3-8B,fp8,H100-80GB,1,decode-128-1024,472,14.74949037164476,15103.478140564233,runpod,on-demand,"H100 SXM, Secure Cloud",https://www.runpod.io/pricing,2026-09-25,3.49,2547.7,0.06418683401413047,0.05705496356811598,0.0657273180304696,False
20260924T225750Z_h100-80gbx1_qwen3-8b_fp8,Qwen/Qwen3-8B,fp8,H100-80GB,1,decode-128-1024,472,14.74949037164476,15103.478140564233,nebius,on-demand,HGX H100,https://nebius.com/prices,2026-09-25,3.85,2810.5,0.07080782548836743,0.06294028932299327,0.07250721330008825,False
20260924T225750Z_h100-80gbx1_qwen3-8b_fp8,Qwen/Qwen3-8B,fp8,H100-80GB,1,decode-128-1024,472,14.74949037164476,15103.478140564233,lambda,on-demand,1x H100 SXM,https://lambda.ai/pricing,2026-09-25,4.29,3131.7,0.0789001484013237,0.07013346524562107,0.08079375196295546,False
20260924T225750Z_h100-80gbx1_qwen3-8b_fp8,Qwen/Qwen3-8B,fp8,H100-80GB,1,decode-128-1024,472,14.74949037164476,15103.478140564233,gcp,spot,"a3-highgpu-1g Spot, us-central1",https://cloud.google.com/products/compute/pricing/accelerator-optimized,2026-09-24,6.57,4796.1,0.12083309440482443,0.1074071950265106,0.12373308867054021,False
20260924T225750Z_h100-80gbx1_qwen3-8b_fp8,Qwen/Qwen3-8B,fp8,H100-80GB,1,decode-128-1024,472,14.74949037164476,15103.478140564233,gcp,on-demand,"a3-highgpu-1g, us-central1",https://instances.vantage.sh/gcp/a3-highgpu-1g,2026-09-25,10.92,7971.6,0.2008367413851876,0.17852154789794453,0.2056568231784321,False
20260924T225750Z_h100-80gbx1_qwen3-8b_fp8,Qwen/Qwen3-8B,fp8,H100-80GB,1,balanced-2048-2048,52,1.7837398767000137,3653.099267481628,runpod,on-demand,"H100 SXM, Community Cloud",https://www.runpod.io/pricing,2026-09-25,2.69,1963.7,0.20454473517149782,0.10227236758574891,0.4189076176312275,False
20260924T225750Z_h100-80gbx1_qwen3-8b_fp8,Qwen/Qwen3-8B,fp8,H100-80GB,1,balanced-2048-2048,52,1.7837398767000137,3653.099267481628,vast,on-demand,"H100 SXM, marketplace median",https://console.vast.ai/api/v0/bundles/,2026-09-25,3.17,2314.1,0.24104342397533385,0.12052171198766692,0.4936569323014837,False
20260924T225750Z_h100-80gbx1_qwen3-8b_fp8,Qwen/Qwen3-8B,fp8,H100-80GB,1,balanced-2048-2048,52,1.7837398767000137,3653.099267481628,runpod,on-demand,"H100 SXM, Secure Cloud",https://www.runpod.io/pricing,2026-09-25,3.49,2547.7,0.26537588317789124,0.13268794158894562,0.5434898087483212,False
20260924T225750Z_h100-80gbx1_qwen3-8b_fp8,Qwen/Qwen3-8B,fp8,H100-80GB,1,balanced-2048-2048,52,1.7837398767000137,3653.099267481628,nebius,on-demand,HGX H100,https://nebius.com/prices,2026-09-25,3.85,2810.5,0.29274989978076826,0.14637494989038413,0.5995517947510134,False
20260924T225750Z_h100-80gbx1_qwen3-8b_fp8,Qwen/Qwen3-8B,fp8,H100-80GB,1,balanced-2048-2048,52,1.7837398767000137,3653.099267481628,lambda,on-demand,1x H100 SXM,https://lambda.ai/pricing,2026-09-25,4.29,3131.7,0.3262070311842846,0.1631035155921423,0.6680719998654149,False
20260924T225750Z_h100-80gbx1_qwen3-8b_fp8,Qwen/Qwen3-8B,fp8,H100-80GB,1,balanced-2048-2048,52,1.7837398767000137,3653.099267481628,gcp,spot,"a3-highgpu-1g Spot, us-central1",https://cloud.google.com/products/compute/pricing/accelerator-optimized,2026-09-24,6.57,4796.1,0.4995758030025058,0.2497879015012529,1.0231312445491318,False
20260924T225750Z_h100-80gbx1_qwen3-8b_fp8,Qwen/Qwen3-8B,fp8,H100-80GB,1,balanced-2048-2048,52,1.7837398767000137,3653.099267481628,gcp,on-demand,"a3-highgpu-1g, us-central1",https://instances.vantage.sh/gcp/a3-highgpu-1g,2026-09-25,10.92,7971.6,0.8303451702872698,0.4151725851436349,1.7005469087483285,False
20260924T225750Z_h100-80gbx1_qwen3-8b_fp8,Qwen/Qwen3-8B,fp8,H100-80GB,1,longctx-8192-512,10,1.5368731646298843,786.8790602905008,runpod,on-demand,"H100 SXM, Community Cloud",https://www.runpod.io/pricing,2026-09-25,2.69,1963.7,0.9496023721184829,0.055858963065793105,0.4861964145246632,False
20260924T225750Z_h100-80gbx1_qwen3-8b_fp8,Qwen/Qwen3-8B,fp8,H100-80GB,1,longctx-8192-512,10,1.5368731646298843,786.8790602905008,vast,on-demand,"H100 SXM, marketplace median",https://console.vast.ai/api/v0/bundles/,2026-09-25,3.17,2314.1,1.1190481485559816,0.06582636167976363,0.5729526520606626,False
20260924T225750Z_h100-80gbx1_qwen3-8b_fp8,Qwen/Qwen3-8B,fp8,H100-80GB,1,longctx-8192-512,10,1.5368731646298843,786.8790602905008,runpod,on-demand,"H100 SXM, Secure Cloud",https://www.runpod.io/pricing,2026-09-25,3.49,2547.7,1.2320119995143144,0.07247129408907732,0.630790143751329,False
20260924T225750Z_h100-80gbx1_qwen3-8b_fp8,Qwen/Qwen3-8B,fp8,H100-80GB,1,longctx-8192-512,10,1.5368731646298843,786.8790602905008,nebius,on-demand,HGX H100,https://nebius.com/prices,2026-09-25,3.85,2810.5,1.3590963318424385,0.0799468430495552,0.6958573219033285,False
20260924T225750Z_h100-80gbx1_qwen3-8b_fp8,Qwen/Qwen3-8B,fp8,H100-80GB,1,longctx-8192-512,10,1.5368731646298843,786.8790602905008,lambda,on-demand,1x H100 SXM,https://lambda.ai/pricing,2026-09-25,4.29,3131.7,1.5144216269101456,0.0890836251123615,0.7753838729779945,False
20260924T225750Z_h100-80gbx1_qwen3-8b_fp8,Qwen/Qwen3-8B,fp8,H100-80GB,1,longctx-8192-512,10,1.5368731646298843,786.8790602905008,gcp,spot,"a3-highgpu-1g Spot, us-central1",https://cloud.google.com/products/compute/pricing/accelerator-optimized,2026-09-24,6.57,4796.1,2.319289064988265,0.13642876852872146,1.1874760012739916,False
20260924T225750Z_h100-80gbx1_qwen3-8b_fp8,Qwen/Qwen3-8B,fp8,H100-80GB,1,longctx-8192-512,10,1.5368731646298843,786.8790602905008,gcp,on-demand,"a3-highgpu-1g, us-central1",https://instances.vantage.sh/gcp/a3-highgpu-1g,2026-09-25,10.92,7971.6,3.854891413953098,0.22675831846782926,1.9737044039439862,False
20260924T225750Z_h100-80gbx1_qwen3-8b_fp8,Qwen/Qwen3-8B,fp8,H100-80GB,1,chat-128-128,512,129.23401451464562,16541.95385787464,runpod,on-demand,"H100 SXM, Community Cloud",https://www.runpod.io/pricing,2026-09-25,2.69,1963.7,0.04517134001474162,0.02258567000737081,0.0057819315218869275,False
20260924T225750Z_h100-80gbx1_qwen3-8b_fp8,Qwen/Qwen3-8B,fp8,H100-80GB,1,chat-128-128,512,129.23401451464562,16541.95385787464,vast,on-demand,"H100 SXM, marketplace median",https://console.vast.ai/api/v0/bundles/,2026-09-25,3.17,2314.1,0.053231653474621166,0.026615826737310583,0.006813651644751509,False
20260924T225750Z_h100-80gbx1_qwen3-8b_fp8,Qwen/Qwen3-8B,fp8,H100-80GB,1,chat-128-128,512,129.23401451464562,16541.95385787464,runpod,on-demand,"H100 SXM, Secure Cloud",https://www.runpod.io/pricing,2026-09-25,3.49,2547.7,0.058605195781207535,0.029302597890603767,0.007501465059994565,False
20260924T225750Z_h100-80gbx1_qwen3-8b_fp8,Qwen/Qwen3-8B,fp8,H100-80GB,1,chat-128-128,512,129.23401451464562,16541.95385787464,nebius,on-demand,HGX H100,https://nebius.com/prices,2026-09-25,3.85,2810.5,0.06465043087611719,0.032325215438058594,0.008275255152143,False
20260924T225750Z_h100-80gbx1_qwen3-8b_fp8,Qwen/Qwen3-8B,fp8,H100-80GB,1,chat-128-128,512,129.23401451464562,16541.95385787464,lambda,on-demand,1x H100 SXM,https://lambda.ai/pricing,2026-09-25,4.29,3131.7,0.07203905154767344,0.03601952577383672,0.0092209985981022,False
20260924T225750Z_h100-80gbx1_qwen3-8b_fp8,Qwen/Qwen3-8B,fp8,H100-80GB,1,chat-128-128,512,129.23401451464562,16541.95385787464,gcp,spot,"a3-highgpu-1g Spot, us-central1",https://cloud.google.com/products/compute/pricing/accelerator-optimized,2026-09-24,6.57,4796.1,0.11032554048210129,0.055162770241050645,0.014121669181708965,False
20260924T225750Z_h100-80gbx1_qwen3-8b_fp8,Qwen/Qwen3-8B,fp8,H100-80GB,1,chat-128-128,512,129.23401451464562,16541.95385787464,gcp,on-demand,"a3-highgpu-1g, us-central1",https://instances.vantage.sh/gcp/a3-highgpu-1g,2026-09-25,10.92,7971.6,0.18337213121225965,0.09168606560612982,0.023471632795169235,False
20260924T125045Z_h100-80gbx1_qwen3-8b_bf16,Qwen/Qwen3-8B,bf16,H100-80GB,1,chat-128-128,512,113.59005371064828,14539.52687496298,runpod,on-demand,"H100 SXM, Community Cloud",https://www.runpod.io/pricing,2026-09-25,2.69,1963.7,0.051392471615354735,0.025696235807677367,0.006578236366765406,False
20260924T125045Z_h100-80gbx1_qwen3-8b_bf16,Qwen/Qwen3-8B,bf16,H100-80GB,1,chat-128-128,512,113.59005371064828,14539.52687496298,vast,on-demand,"H100 SXM, marketplace median",https://console.vast.ai/api/v0/bundles/,2026-09-25,3.17,2314.1,0.0605628754723697,0.03028143773618485,0.007752048060463322,False
20260924T125045Z_h100-80gbx1_qwen3-8b_bf16,Qwen/Qwen3-8B,bf16,H100-80GB,1,chat-128-128,512,113.59005371064828,14539.52687496298,runpod,on-demand,"H100 SXM, Secure Cloud",https://www.runpod.io/pricing,2026-09-25,3.49,2547.7,0.06667647804371302,0.03333823902185651,0.008534589189595267,False
20260924T125045Z_h100-80gbx1_qwen3-8b_bf16,Qwen/Qwen3-8B,bf16,H100-80GB,1,chat-128-128,512,113.59005371064828,14539.52687496298,nebius,on-demand,HGX H100,https://nebius.com/prices,2026-09-25,3.85,2810.5,0.07355428093647425,0.03677714046823712,0.009414947959868704,False
20260924T125045Z_h100-80gbx1_qwen3-8b_bf16,Qwen/Qwen3-8B,bf16,H100-80GB,1,chat-128-128,512,113.59005371064828,14539.52687496298,lambda,on-demand,1x H100 SXM,https://lambda.ai/pricing,2026-09-25,4.29,3131.7,0.0819604844720713,0.04098024223603565,0.010490942012425127,False
20260924T125045Z_h100-80gbx1_qwen3-8b_bf16,Qwen/Qwen3-8B,bf16,H100-80GB,1,chat-128-128,512,113.59005371064828,14539.52687496298,gcp,spot,"a3-highgpu-1g Spot, us-central1",https://cloud.google.com/products/compute/pricing/accelerator-optimized,2026-09-24,6.57,4796.1,0.1255199027928924,0.0627599513964462,0.016066547557490228,False
20260924T125045Z_h100-80gbx1_qwen3-8b_bf16,Qwen/Qwen3-8B,bf16,H100-80GB,1,chat-128-128,512,113.59005371064828,14539.52687496298,gcp,on-demand,"a3-highgpu-1g, us-central1",https://instances.vantage.sh/gcp/a3-highgpu-1g,2026-09-25,10.92,7971.6,0.2086266877470906,0.1043133438735453,0.026704216031627596,False
20260924T125045Z_h100-80gbx1_qwen3-8b_bf16,Qwen/Qwen3-8B,bf16,H100-80GB,1,prefill-1024-128,80,23.575623259145114,3017.6797771705747,runpod,on-demand,"H100 SXM, Community Cloud",https://www.runpod.io/pricing,2026-09-25,2.69,1963.7,0.24761481581814151,0.027512757313126836,0.03169469642472211,False
20260924T125045Z_h100-80gbx1_qwen3-8b_bf16,Qwen/Qwen3-8B,bf16,H100-80GB,1,prefill-1024-128,80,23.575623259145114,3017.6797771705747,vast,on-demand,"H100 SXM, marketplace median",https://console.vast.ai/api/v0/bundles/,2026-09-25,3.17,2314.1,0.29179887217230804,0.03242209690803422,0.03735025563805543,False
20260924T125045Z_h100-80gbx1_qwen3-8b_bf16,Qwen/Qwen3-8B,bf16,H100-80GB,1,prefill-1024-128,80,23.575623259145114,3017.6797771705747,runpod,on-demand,"H100 SXM, Secure Cloud",https://www.runpod.io/pricing,2026-09-25,3.49,2547.7,0.3212549097417524,0.035694989971305824,0.041120628446944314,False
20260924T125045Z_h100-80gbx1_qwen3-8b_bf16,Qwen/Qwen3-8B,bf16,H100-80GB,1,prefill-1024-128,80,23.575623259145114,3017.6797771705747,nebius,on-demand,HGX H100,https://nebius.com/prices,2026-09-25,3.85,2810.5,0.3543929520073773,0.03937699466748637,0.045362297856944296,False
20260924T125045Z_h100-80gbx1_qwen3-8b_bf16,Qwen/Qwen3-8B,bf16,H100-80GB,1,prefill-1024-128,80,23.575623259145114,3017.6797771705747,lambda,on-demand,1x H100 SXM,https://lambda.ai/pricing,2026-09-25,4.29,3131.7,0.39489500366536323,0.043877222629484805,0.050546560469166495,False
20260924T125045Z_h100-80gbx1_qwen3-8b_bf16,Qwen/Qwen3-8B,bf16,H100-80GB,1,prefill-1024-128,80,23.575623259145114,3017.6797771705747,gcp,spot,"a3-highgpu-1g Spot, us-central1",https://cloud.google.com/products/compute/pricing/accelerator-optimized,2026-09-24,6.57,4796.1,0.6047692713476542,0.06719658570529491,0.07741046673249974,False
20260924T125045Z_h100-80gbx1_qwen3-8b_bf16,Qwen/Qwen3-8B,bf16,H100-80GB,1,prefill-1024-128,80,23.575623259145114,3017.6797771705747,gcp,on-demand,"a3-highgpu-1g, us-central1",https://instances.vantage.sh/gcp/a3-highgpu-1g,2026-09-25,10.92,7971.6,1.0051872820572882,0.11168747578414313,0.12866397210333289,False
20260924T125045Z_h100-80gbx1_qwen3-8b_bf16,Qwen/Qwen3-8B,bf16,H100-80GB,1,decode-128-1024,396,13.009802864979397,13322.038133738903,runpod,on-demand,"H100 SXM, Community Cloud",https://www.runpod.io/pricing,2026-09-25,2.69,1963.7,0.05608918205464634,0.049857050715241186,0.057435322423957845,False
20260924T125045Z_h100-80gbx1_qwen3-8b_bf16,Qwen/Qwen3-8B,bf16,H100-80GB,1,decode-128-1024,396,13.009802864979397,13322.038133738903,vast,on-demand,"H100 SXM, marketplace median",https://console.vast.ai/api/v0/bundles/,2026-09-25,3.17,2314.1,0.06609766063688806,0.05875347612167828,0.06768400449217336,False
20260924T125045Z_h100-80gbx1_qwen3-8b_bf16,Qwen/Qwen3-8B,bf16,H100-80GB,1,decode-128-1024,396,13.009802864979397,13322.038133738903,runpod,on-demand,"H100 SXM, Secure Cloud",https://www.runpod.io/pricing,2026-09-25,3.49,2547.7,0.07276997969171589,0.06468442639263634,0.07451645920431707,False
20260924T125045Z_h100-80gbx1_qwen3-8b_bf16,Qwen/Qwen3-8B,bf16,H100-80GB,1,decode-128-1024,396,13.009802864979397,13322.038133738903,nebius,on-demand,HGX H100,https://nebius.com/prices,2026-09-25,3.85,2810.5,0.08027633862839718,0.07135674544746416,0.08220297075547871,False
20260924T125045Z_h100-80gbx1_qwen3-8b_bf16,Qwen/Qwen3-8B,bf16,H100-80GB,1,decode-128-1024,396,13.009802864979397,13322.038133738903,lambda,on-demand,1x H100 SXM,https://lambda.ai/pricing,2026-09-25,4.29,3131.7,0.08945077732878541,0.07951180207003149,0.09159759598467626,False
20260924T125045Z_h100-80gbx1_qwen3-8b_bf16,Qwen/Qwen3-8B,bf16,H100-80GB,1,decode-128-1024,396,13.009802864979397,13322.038133738903,gcp,spot,"a3-highgpu-1g Spot, us-central1",https://cloud.google.com/products/compute/pricing/accelerator-optimized,2026-09-24,6.57,4796.1,0.13699105059443362,0.12176982275060767,0.14027883580870004,False
20260924T125045Z_h100-80gbx1_qwen3-8b_bf16,Qwen/Qwen3-8B,bf16,H100-80GB,1,decode-128-1024,396,13.009802864979397,13322.038133738903,gcp,on-demand,"a3-highgpu-1g, us-central1",https://instances.vantage.sh/gcp/a3-highgpu-1g,2026-09-25,10.92,7971.6,0.22769288774599925,0.20239367799644378,0.2331575170519032,False
20260924T125045Z_h100-80gbx1_qwen3-8b_bf16,Qwen/Qwen3-8B,bf16,H100-80GB,1,balanced-2048-2048,40,1.3743562113996448,2814.6815209464726,runpod,on-demand,"H100 SXM, Community Cloud",https://www.runpod.io/pricing,2026-09-25,2.69,1963.7,0.26547309763520216,0.13273654881760108,0.543688903956894,False
20260924T125045Z_h100-80gbx1_qwen3-8b_bf16,Qwen/Qwen3-8B,bf16,H100-80GB,1,balanced-2048-2048,40,1.3743562113996448,2814.6815209464726,vast,on-demand,"H100 SXM, marketplace median",https://console.vast.ai/api/v0/bundles/,2026-09-25,3.17,2314.1,0.31284376189724566,0.15642188094862283,0.6407040243655592,False
20260924T125045Z_h100-80gbx1_qwen3-8b_bf16,Qwen/Qwen3-8B,bf16,H100-80GB,1,balanced-2048-2048,40,1.3743562113996448,2814.6815209464726,runpod,on-demand,"H100 SXM, Secure Cloud",https://www.runpod.io/pricing,2026-09-25,3.49,2547.7,0.344424204738608,0.172212102369304,0.7053807713046693,False
20260924T125045Z_h100-80gbx1_qwen3-8b_bf16,Qwen/Qwen3-8B,bf16,H100-80GB,1,balanced-2048-2048,40,1.3743562113996448,2814.6815209464726,nebius,on-demand,HGX H100,https://nebius.com/prices,2026-09-25,3.85,2810.5,0.37995220293514065,0.18997610146757032,0.778142111611168,False
20260924T125045Z_h100-80gbx1_qwen3-8b_bf16,Qwen/Qwen3-8B,bf16,H100-80GB,1,balanced-2048-2048,40,1.3743562113996448,2814.6815209464726,lambda,on-demand,1x H100 SXM,https://lambda.ai/pricing,2026-09-25,4.29,3131.7,0.4233753118420138,0.2116876559210069,0.8670726386524443,False
20260924T125045Z_h100-80gbx1_qwen3-8b_bf16,Qwen/Qwen3-8B,bf16,H100-80GB,1,balanced-2048-2048,40,1.3743562113996448,2814.6815209464726,gcp,spot,"a3-highgpu-1g Spot, us-central1",https://cloud.google.com/products/compute/pricing/accelerator-optimized,2026-09-24,6.57,4796.1,0.6483859670867206,0.3241929835433603,1.3278944605936036,False
20260924T125045Z_h100-80gbx1_qwen3-8b_bf16,Qwen/Qwen3-8B,bf16,H100-80GB,1,balanced-2048-2048,40,1.3743562113996448,2814.6815209464726,gcp,on-demand,"a3-highgpu-1g, us-central1",https://instances.vantage.sh/gcp/a3-highgpu-1g,2026-09-25,10.92,7971.6,1.0776826119614897,0.5388413059807449,2.207093989297131,False
20260924T125045Z_h100-80gbx1_qwen3-8b_bf16,Qwen/Qwen3-8B,bf16,H100-80GB,1,longctx-8192-512,7,0.9796009355880976,501.55567902110596,runpod,on-demand,"H100 SXM, Community Cloud",https://www.runpod.io/pricing,2026-09-25,2.69,1963.7,1.4898091148735222,0.08763583028667778,0.7627822668152433,False
20260924T125045Z_h100-80gbx1_qwen3-8b_bf16,Qwen/Qwen3-8B,bf16,H100-80GB,1,longctx-8192-512,7,0.9796009355880976,501.55567902110596,vast,on-demand,"H100 SXM, marketplace median",https://console.vast.ai/api/v0/bundles/,2026-09-25,3.17,2314.1,1.7556486595349685,0.1032734505608805,0.8988921136819038,False
20260924T125045Z_h100-80gbx1_qwen3-8b_bf16,Qwen/Qwen3-8B,bf16,H100-80GB,1,longctx-8192-512,7,0.9796009355880976,501.55567902110596,runpod,on-demand,"H100 SXM, Secure Cloud",https://www.runpod.io/pricing,2026-09-25,3.49,2547.7,1.9328750226425995,0.11369853074368232,0.9896320115930108,False
20260924T125045Z_h100-80gbx1_qwen3-8b_bf16,Qwen/Qwen3-8B,bf16,H100-80GB,1,longctx-8192-512,7,0.9796009355880976,501.55567902110596,nebius,on-demand,HGX H100,https://nebius.com/prices,2026-09-25,3.85,2810.5,2.132254681138684,0.12542674594933437,1.0917143967430063,False
20260924T125045Z_h100-80gbx1_qwen3-8b_bf16,Qwen/Qwen3-8B,bf16,H100-80GB,1,longctx-8192-512,7,0.9796009355880976,501.55567902110596,lambda,on-demand,1x H100 SXM,https://lambda.ai/pricing,2026-09-25,4.29,3131.7,2.375940930411676,0.13976123120068684,1.2164817563707782,False
20260924T125045Z_h100-80gbx1_qwen3-8b_bf16,Qwen/Qwen3-8B,bf16,H100-80GB,1,longctx-8192-512,7,0.9796009355880976,501.55567902110596,gcp,spot,"a3-highgpu-1g Spot, us-central1",https://cloud.google.com/products/compute/pricing/accelerator-optimized,2026-09-24,6.57,4796.1,3.638678767553546,0.2140399275031498,1.8630035289874158,False
20260924T125045Z_h100-80gbx1_qwen3-8b_bf16,Qwen/Qwen3-8B,bf16,H100-80GB,1,longctx-8192-512,7,0.9796009355880976,501.55567902110596,gcp,on-demand,"a3-highgpu-1g, us-central1",https://instances.vantage.sh/gcp/a3-highgpu-1g,2026-09-25,10.92,7971.6,6.047849641047904,0.355755861238112,3.096499016216527,False
