run_id,workload,input_len,output_len,concurrency,num_prompts,repeats,completed,failed,duration_s,ttft_p95_ms,ttft_p99_ms,tpot_p95_ms,tpot_p99_ms,itl_median_ms,itl_p95_ms,itl_p99_ms,e2el_p95_ms,e2el_p99_ms,request_throughput,output_throughput,total_token_throughput,output_throughput_per_gpu,tokens_per_s_per_user,avg_power_w,peak_memory_gb,output_tokens_per_joule,usd_per_1m_output_tokens_at_run_price,slo_pass
20260924T225750Z_h100-80gbx1_qwen3-8b_fp8,balanced-2048-2048,2048,2048,1,50,3,50,0,493.2176331589999,50.31889240021883,50.65455300940812,4.803848604397137,4.815712230557,4.795803500201146,4.912209850590443,5.0068113101769995,9881.696663099774,9904.346804950474,0.10137512659422979,207.6162592649826,415.2325185299652,207.6162592649826,208.51563246034956,402.7036883029065,71.9404296875,0.5155558920752108,8.790255669093504,True
20260924T225750Z_h100-80gbx1_qwen3-8b_fp8,balanced-2048-2048,2048,2048,4,50,3,50,0,142.98237316700033,161.42370104989823,162.54033377113956,5.3838236936006245,5.386344627825964,5.31891850005195,5.527879200417374,5.602239520394504,11077.08305119968,11077.292169880111,0.3496934544623978,716.1721947389907,1432.3443894779814,716.1721947389907,188.00814488701658,432.9088344988346,71.9404296875,1.6543256632036198,2.5482698342751524,True
20260924T225750Z_h100-80gbx1_qwen3-8b_fp8,balanced-2048-2048,2048,2048,16,80,3,80,0,76.70032531600009,554.6193796490115,584.8868181005855,7.449673250048887,7.4609031638446845,7.21682299990789,7.950390399673778,8.080052450150106,15395.455410350587,15459.925880859319,1.0430203479633948,2136.1056726290326,4272.211345258065,2136.1056726290326,138.56512762094388,494.17684095860557,71.9404296875,4.322553174457567,0.8543584820660411,True
20260924T225750Z_h100-80gbx1_qwen3-8b_fp8,balanced-2048-2048,2048,2048,32,160,3,160,0,106.17963835299997,996.6237059486048,1166.2235672898169,10.29978905547139,10.329239492545142,9.810671999730403,11.301455450666253,11.662244490507874,21669.20020034968,21885.49234593038,1.506880250129232,3086.090752264667,6172.181504529334,3086.090752264667,101.92981683899737,572.7808490566041,71.9404296875,5.387908407460895,0.5913630370917511,True
20260924T225750Z_h100-80gbx1_qwen3-8b_fp8,balanced-2048-2048,2048,2048,48,240,3,240,0,134.03685442000278,1432.296244351528,1771.1030939517877,12.993987894699545,13.042891808157922,12.251555001057568,14.637972999480553,15.293640319141561,27581.118655199498,27945.002143370948,1.790552315171192,3667.051141470601,7334.102282941202,3667.051141470601,81.62229202037446,627.8268283582082,71.9404296875,5.840864034211605,0.49767508812765515,True
20260924T225750Z_h100-80gbx1_qwen3-8b_fp8,balanced-2048-2048,2048,2048,52,260,3,260,0,145.76116360699962,1516.2595513498673,1928.2087817799038,14.140392026624308,14.183540058881551,13.32839399947261,15.950728147072368,16.54738853154413,30125.865520546904,30498.201885460476,1.7837398767000137,3653.099267481628,7306.198534963256,3653.099267481628,75.02779404927323,626.3617620137301,71.9404296875,5.8322514064987745,0.4995758030025058,True
20260924T225750Z_h100-80gbx1_qwen3-8b_fp8,balanced-2048-2048,2048,2048,56,280,3,280,0,148.7377886059985,1660.5459087995769,2083.0019808702123,14.421927258816508,14.473341226926722,13.530407002690481,16.23501504855085,16.869465409981785,30833.947417900345,31272.39716039203,1.8825074826257553,3855.375324417547,7710.750648835094,3855.375324417547,73.90760675574305,650.4140425531912,71.9404296875,5.927570858223364,0.4733650673234293,False
20260924T225750Z_h100-80gbx1_qwen3-8b_fp8,balanced-2048-2048,2048,2048,64,320,3,320,0,162.50127557300038,1841.5358882989494,2359.2829301797433,15.755371541793041,15.815141013747363,14.80621449991304,17.730610551279824,18.410003620192583,33824.04163569954,34269.32728332056,1.969215311520718,4032.9529579944306,8065.905915988861,4032.9529579944306,67.53920794581715,661.9404209445573,71.9404296875,6.092622281986647,0.45252201525989644,False
20260924T225750Z_h100-80gbx1_qwen3-8b_fp8,balanced-2048-2048,2048,2048,128,640,3,640,0,295.9919541630006,4230.960982750639,10526.596197050783,32.54838020324786,34.819162039472296,24.617729500278074,27.28390245065384,153.01600949987915,68242.94117574989,72968.30751504007,2.1622209353959554,4428.228475690917,8856.456951381833,4428.228475690917,40.621130392577605,657.1910028169013,71.9404296875,6.738114880925503,0.4121286898402986,False
20260924T225750Z_h100-80gbx1_qwen3-8b_fp8,balanced-2048-2048,2048,2048,256,1280,3,1280,0,608.161280534001,67186.68018154895,71054.69309697946,58.68073818461157,60.181787233277944,28.262934500162373,29.977590850648994,159.01947309934258,131664.28059244974,135557.31150142013,2.104704855389816,4310.435543838344,8620.871087676687,4310.435543838344,35.38203012833841,663.3036896929802,71.9404296875,6.498434443857069,0.4233910892389495,False
20260924T225750Z_h100-80gbx1_qwen3-8b_fp8,balanced-2048-2048,2048,2048,512,2560,3,2560,0,1206.884598703,196048.78736700228,199879.3208026596,58.999011308279464,60.20070184398182,28.264524498808896,29.919451800742536,159.01187665964238,259906.49792239993,264039.7661872705,2.121163865005113,4344.143595530471,8688.287191060943,4344.143595530471,35.3800397399978,665.160886862827,71.9404296875,6.530966689907525,0.42010581829699994,False
20260924T225750Z_h100-80gbx1_qwen3-8b_fp8,chat-128-128,128,128,1,50,3,50,0,30.001625973999978,14.453567250046717,15.033846050022246,4.624090267716481,4.6279760114958535,4.618319000002202,4.720430850011326,4.839892860013607,601.0782241500522,602.1010635000039,1.6665763396734237,213.32177147819823,426.64354295639646,213.32177147819823,216.52900113645748,386.72061111111105,70.3154296875,0.5516172796306102,8.555151156648432,True
20260924T225750Z_h100-80gbx1_qwen3-8b_fp8,chat-128-128,128,128,4,50,3,50,0,8.031592947000036,24.627506149994357,25.67142224000463,4.723562931102549,4.725949141023562,4.715536500043527,4.819932700047502,5.027590630023725,622.6429649999999,624.919092699979,6.225415098841136,796.8531326516654,1593.7062653033308,796.8531326516654,212.06494743297384,382.16875,70.3154296875,2.0850818719522866,2.2902589262929793,True
20260924T225750Z_h100-80gbx1_qwen3-8b_fp8,chat-128-128,128,128,16,80,3,80,0,3.3165177189999895,56.07357300000899,56.96914224000351,5.009700531889789,5.108536641338619,4.863850999981878,5.159113000047455,6.087801340012218,676.1334798000121,680.5727709599478,24.121686292127496,3087.5758453923195,6175.151690784639,3087.5758453923195,205.59840340580456,396.7615789473683,70.7041015625,7.781942630594018,0.5910785973803693,True
20260924T225750Z_h100-80gbx1_qwen3-8b_fp8,chat-128-128,128,128,32,160,3,160,0,3.7833873580000272,85.10808119996227,91.66676802999746,5.763518888976943,5.819965213150201,5.305312000018603,5.6856085000106305,10.137847659969866,778.9671956000916,785.0595841299639,42.29014501031138,5413.138561319856,10826.277122639713,5413.138561319856,188.49032818361928,477.8814285714285,70.9072265625,11.327367496790597,0.33714267228271727,True
20260924T225750Z_h100-80gbx1_qwen3-8b_fp8,chat-128-128,128,128,64,320,3,320,0,4.466520720000062,155.29000255005485,161.6496436099601,6.7276320992128715,6.8724708729133885,5.916639000020041,6.754034599998703,14.62883048004181,946.2937518000103,953.5086761900391,71.64413199005502,9170.448894727042,18340.897789454084,9170.448894727042,169.01487482954644,500.3100000000001,71.1298828125,18.329533478697286,0.1990087967285184,True
20260924T225750Z_h100-80gbx1_qwen3-8b_fp8,chat-128-128,128,128,128,640,3,640,0,6.124002479999945,330.565642499937,333.86218094001947,9.138242689370392,9.317003571181296,7.549514499942234,9.374042600029497,19.13327032001236,1314.7579720499773,1328.8363266800195,104.5068159410683,13376.872440456742,26753.744880913484,13376.872440456742,132.45884884486964,557.5962162162162,72.8369140625,23.990249667098997,0.1364294986083972,True
20260924T225750Z_h100-80gbx1_qwen3-8b_fp8,chat-128-128,128,128,256,1280,3,1280,0,10.433133691999956,731.8118913500143,737.9878830700308,14.468856168896872,14.696768305983982,10.872597000002315,15.698459349960103,93.14767528000857,2169.5195647000046,2176.478228790029,122.68605366204535,15703.814868741805,31407.62973748361,15703.814868741805,91.97434614745558,635.7223809523808,72.8388671875,24.702315569283236,0.1162137999749751,True
20260924T225750Z_h100-80gbx1_qwen3-8b_fp8,chat-128-128,128,128,512,2560,3,2560,0,19.809026358999972,1344.6392057000764,1506.4633105300436,27.16760711417271,27.823310033936757,19.674075499949595,41.05184299999106,143.26048864001223,4139.1129015000615,4163.223746369966,129.23401451464562,16541.95385787464,33083.90771574928,16541.95385787464,50.82830956923806,647.3338135593223,73.1298828125,25.553977733558824,0.11032554048210128,True
20260924T225750Z_h100-80gbx1_qwen3-8b_fp8,decode-128-1024,128,1024,1,50,3,50,0,239.11526050500015,14.42903905001458,15.012270559877832,4.67032682702842,4.676913966950105,4.661966499952541,4.746297600104299,4.870556660021066,4791.745305749714,4798.452905230074,0.2091041780202667,214.1226782927531,240.88801307934725,214.1226782927531,214.50175585993165,393.66046025104555,78.7001953125,0.5439273178622068,8.52315137542237,True
20260924T225750Z_h100-80gbx1_qwen3-8b_fp8,decode-128-1024,128,1024,4,50,3,50,0,64.25038189800034,25.290216099801906,26.01749998007108,4.829770285288448,4.830584904897161,4.814514499912548,4.963756100050887,5.122966450003337,4961.240263650006,4961.350785690279,0.7782054911265227,796.8824229135593,896.4927257777541,796.8824229135593,207.70526291242123,400.447906976744,78.7001953125,1.9899777449950269,2.2901747453877075,True
20260924T225750Z_h100-80gbx1_qwen3-8b_fp8,decode-128-1024,128,1024,16,80,3,80,0,27.063045253000382,57.60091120016568,57.74806752994209,5.277701074389178,5.280475303783002,5.2506155002447485,5.637052549673172,5.763090189716422,5433.816130050127,5439.48985947015,2.956060533916843,3027.0059867308473,3405.3817350722034,3027.0059867308473,190.45386201929787,438.50815950920247,78.7001953125,6.902963881262335,0.6029059764004602,True
20260924T225750Z_h100-80gbx1_qwen3-8b_fp8,decode-128-1024,128,1024,32,160,3,160,0,31.215769268999793,81.95562949993018,82.43381137017423,6.086461427028246,6.093099024535709,6.03156449983544,6.7686091996620235,6.9896236898875905,6273.739628399903,6274.594033609992,5.125614513011381,5248.629261323654,5904.707918989111,5248.629261323654,165.79446344763173,516.9465775401071,78.7001953125,10.153136686385047,0.34770983225051655,True
20260924T225750Z_h100-80gbx1_qwen3-8b_fp8,decode-128-1024,128,1024,64,320,3,320,0,38.010960760000216,201.90338520023943,212.7573049301418,7.365985330694036,7.3741508298531615,7.2599395000452205,8.660977450085738,8.964629020274515,7647.193518350127,7649.042668349953,8.418624354708317,8620.671339221317,9698.255256623981,8620.671339221317,137.7421946827203,579.4285526315794,78.7001953125,14.877884943827814,0.21170044978942992,True
20260924T225750Z_h100-80gbx1_qwen3-8b_fp8,decode-128-1024,128,1024,128,640,3,640,0,53.8218227579996,383.9279138497204,385.7159917500803,10.388153609725997,10.399636292170154,10.158864999766593,12.931599299781737,13.703219350031759,10819.32325940004,10822.087071760066,11.89108742893469,12176.473527229122,13698.532718132763,12176.473527229122,98.43619341560064,624.4387577639749,78.7001953125,19.499868283050393,0.14987919087730295,True
20260924T225750Z_h100-80gbx1_qwen3-8b_fp8,decode-128-1024,128,1024,256,1280,3,1280,0,85.87046202300007,693.9501307501814,738.2602294605113,16.53688787145717,16.566111042746936,16.128702000060002,21.43880794956203,23.38830199035328,17291.277345499813,17293.915818879927,14.906173436648762,15263.921599128333,17171.911799019374,15263.921599128333,62.0012695377644,679.1844854368941,78.7001953125,22.47389615990657,0.11956298308713921,True
20260924T225750Z_h100-80gbx1_qwen3-8b_fp8,decode-128-1024,128,1024,384,1920,3,1920,0,132.81348447599976,964.2304289503045,1103.374244019542,25.45489129315781,26.073528550889815,24.84885600006237,33.03668249986913,35.31164019964304,26772.79130944985,26897.237216179536,14.456363430077435,14803.316152399293,16653.730671449204,14803.316152399293,40.24330134141749,686.3563727959698,78.7001953125,21.567973634594356,0.12328318744338966,True
20260924T225750Z_h100-80gbx1_qwen3-8b_fp8,decode-128-1024,128,1024,448,2240,3,2240,0,155.1557283810007,1562.6077444505427,1584.3601369398584,31.822748642766115,33.02278932323574,27.115964999666176,34.41906469984133,59.491780360094566,32922.06892764928,34111.65792671009,14.43710795195039,14783.5985427972,16631.548360646848,14783.5985427972,36.87864326467124,679.9613426423199,78.7001953125,21.741822094397822,0.12344761626993507,True
20260924T225750Z_h100-80gbx1_qwen3-8b_fp8,decode-128-1024,128,1024,464,2320,3,2320,0,158.31293984399963,1717.415022950354,1727.667229979479,32.990804097507436,34.12963834066477,27.35985500021343,34.59047829924202,61.173376429997,34181.995784649946,35391.13817972058,14.654519095445455,15006.227553736146,16882.00599795316,15006.227553736146,36.54990130584388,678.6439368421048,78.7001953125,22.112077835048183,0.12161617524889687,True
20260924T225750Z_h100-80gbx1_qwen3-8b_fp8,decode-128-1024,128,1024,472,2360,3,2360,0,160.00552836299994,1866.147337800021,1886.467315499949,33.65728353587495,34.76086860749769,27.4143289998392,34.719580999990285,62.991229159997594,34737.31343850026,35997.85067782995,14.74949037164476,15103.478140564233,16991.412908134764,15103.478140564233,36.47727434823831,678.9868541666675,71.9404296875,22.244139261136354,0.12083309440482443,True
20260924T225750Z_h100-80gbx1_qwen3-8b_fp8,decode-128-1024,128,1024,476,2380,3,2380,0,161.06371122499968,1879.56514244961,2021.2386733905535,33.930812184017356,35.15508839819159,27.5887870002407,34.75082604954878,63.108680010409465,35248.919946899645,36332.60065719961,14.776761207713843,15131.403476698975,17022.82891128635,15131.403476698975,36.24660989956809,678.8045087900721,71.9404296875,22.29125363894501,0.12061009428572432,False
20260924T225750Z_h100-80gbx1_qwen3-8b_fp8,decode-128-1024,128,1024,480,2400,3,2400,0,162.52266116400006,2018.7105284003333,2032.2278148795428,34.32245047722411,35.5532502137338,27.754085000196937,34.81749900038267,64.39369167990633,35627.18992825029,36810.274075519614,14.767171438192136,15121.583552708747,17011.781496797343,15121.583552708747,36.03073205234128,678.9715589743596,78.7001953125,22.271306290871888,0.12068841822277836,False
20260924T225750Z_h100-80gbx1_qwen3-8b_fp8,decode-128-1024,128,1024,512,2560,3,2560,0,170.3399616910001,2483.6634006000168,5538.907982159933,36.97023461906161,38.15546522843585,28.32960549994823,36.21705549994658,69.4101355103792,38378.873315049386,39671.28530802003,15.028769377346041,15389.459842402346,17313.14232270264,15389.459842402346,35.2987619259939,680.2364872798441,78.7001953125,22.623690628449395,0.11858765796130187,False
20260924T225750Z_h100-80gbx1_qwen3-8b_fp8,longctx-8192-512,8192,512,1,50,3,50,0,140.2075526419976,205.08412565050094,206.07101007892197,5.111022368690852,5.11912054720497,5.10406750254333,5.22602014880249,5.384746318559337,2812.847824550772,2814.794104798966,0.3566141699061585,182.58645499195316,3103.969734863204,182.58645499195316,195.92217373726058,441.74797619047564,71.9404296875,0.41332720200901246,9.99526498326741,True
20260924T225750Z_h100-80gbx1_qwen3-8b_fp8,longctx-8192-512,8192,512,4,50,3,50,0,50.64971407600024,684.8494979500174,691.4242462904075,7.351470784442337,7.359099891294113,6.425099501939258,6.548795550406793,6.687774279234871,3968.450632000531,3977.126461009975,0.987172403875265,505.43227078413565,8592.348603330307,505.43227078413565,155.63961300493085,502.2601650165016,71.9404296875,1.0063156626556873,3.610770632371111,True
20260924T225750Z_h100-80gbx1_qwen3-8b_fp8,longctx-8192-512,8192,512,10,50,3,50,0,32.53358907599977,1470.2873393998739,1709.6512999506376,12.272201992662252,12.280886209668303,9.506381000392139,9.72895949944359,19.913814420251555,6968.73005619982,7302.042618229207,1.5368731646298843,786.8790602905008,13376.944024938513,786.8790602905008,105.1925017479049,545.3650769230769,71.9404296875,1.4428482746457363,2.319289064988265,True
20260924T225750Z_h100-80gbx1_qwen3-8b_fp8,longctx-8192-512,8192,512,13,65,3,65,0,36.86188353400212,1830.798936200153,2212.0446035613713,13.874544176126845,13.967504461604085,10.238353999739047,10.687858500386938,167.2717562210164,8184.9452875998395,8622.285325878329,1.7633390854822364,902.829611766905,15348.103400037386,902.829611766905,97.6719500053903,578.7494999999999,71.9404296875,1.5599661196543673,2.0214223993255365,False
20260924T225750Z_h100-80gbx1_qwen3-8b_fp8,longctx-8192-512,8192,512,16,80,3,80,0,42.39068510799916,2234.3731444476357,2737.9271137090473,15.822115012327242,16.09929552406981,11.430601500251214,12.192363250869676,170.30463997874904,9701.68425980064,10244.34081145853,1.8872070549504738,966.2500121346426,16426.25020628892,966.2500121346426,87.48446002408733,603.3116470588236,71.9404296875,1.6015769243726072,1.8887451250512322,False
20260924T225750Z_h100-80gbx1_qwen3-8b_fp8,longctx-8192-512,8192,512,32,160,3,160,0,72.8512332470018,4325.161327551356,5455.024683840928,27.320034602442128,27.93864359614412,18.24000049782626,28.435754853308033,180.7122876308131,17949.505834199223,19078.395552120273,2.196256574786053,1124.4833662904591,19116.217226937806,1124.4833662904591,54.82455990717623,642.3767660550459,71.9404296875,1.7505044168955841,1.6229675375461219,False
20260924T225750Z_h100-80gbx1_qwen3-8b_fp8,longctx-8192-512,8192,512,64,320,3,320,0,143.6481875089994,16290.890125151236,24102.844046481223,42.12111396888052,56.49432245852993,27.19782499843859,184.91214839868917,187.43329337914474,37782.22584239866,45390.68452760988,2.2276647241368943,1140.56433875809,19389.593758887528,1140.56433875809,36.76764594438744,652.1592102206733,71.9404296875,1.7489047473118615,1.6000850964594966,False
20260924T225750Z_h100-80gbx1_qwen3-8b_fp8,longctx-8192-512,8192,512,128,640,3,640,0,283.9600869700007,41183.24896989998,48184.065029550766,42.27869176301587,60.13769705483125,27.22149100191018,185.585885501132,188.14153811988945,62750.41311109799,69672.13202157996,2.2538378785171083,1153.9649938007594,19617.40489461291,1153.9649938007594,36.73568064033775,657.4867899061029,71.9404296875,1.755115101195508,1.5815037802742047,False
20260924T225750Z_h100-80gbx1_qwen3-8b_fp8,longctx-8192-512,8192,512,256,1280,3,1280,0,568.1264906479992,98039.40534084686,103749.1840604797,42.3386477116446,62.17418739974688,27.247400001215283,185.63975959987144,188.20552227814915,122462.24037690081,125375.77299227851,2.253019391051534,1153.5459282183854,19610.28077971255,1153.5459282183854,36.70074942766643,656.9357868467404,71.9404296875,1.755949289587875,1.582078316394956,False
20260924T225750Z_h100-80gbx1_qwen3-8b_fp8,longctx-8192-512,8192,512,512,2560,3,2560,0,1132.4875958760022,215798.53145904926,215920.0542523217,42.309248949115776,63.40622123139014,27.241965000939672,185.64424350079207,188.13427405952095,237298.69457730002,237516.87414609976,2.2605104102882363,1157.381330067577,19675.482611148807,1157.381330067577,36.70807153468946,657.7225268738023,71.9404296875,1.7596802341082725,1.5768355273999817,False
20260924T225750Z_h100-80gbx1_qwen3-8b_fp8,prefill-1024-128,1024,128,1,50,3,50,0,31.200960430000123,29.30479604995071,31.09108420013399,4.7017174200780705,4.709483060314382,4.6962615000438745,4.804172100170945,4.919496929971956,625.8014742499881,626.9352228799607,1.6025147723313145,205.12189085840825,1846.0970177256743,205.12189085840825,212.93533164425736,397.51679144385025,78.7001953125,0.5160081165713021,8.897148872617223,True
20260924T225750Z_h100-80gbx1_qwen3-8b_fp8,prefill-1024-128,1024,128,4,50,3,50,0,8.423595438999882,31.78312789998472,32.162799780014666,4.909809953149996,4.914793835983535,4.912050500024634,5.074445200057198,5.271725800116656,654.00051784992,655.5331607900393,5.935707663322493,759.7705809052791,6837.935228147512,759.7705809052791,203.58096888356198,389.41254901960787,78.7001953125,1.951068559084938,2.4020408869023107,True
20260924T225750Z_h100-80gbx1_qwen3-8b_fp8,prefill-1024-128,1024,128,16,80,3,80,0,4.278564935000077,206.61801880007715,219.48497549009062,7.135820087008743,7.4602061996059685,5.61503049982548,5.8590427001036005,10.31770906996826,1011.1686513999302,1012.3487637698805,18.697858093860756,2393.3258360141767,21539.93252412759,2393.3258360141767,178.09342265034553,458.46769230769246,78.7001953125,5.220271517862896,0.7625372076538222,True
20260924T225750Z_h100-80gbx1_qwen3-8b_fp8,prefill-1024-128,1024,128,32,160,3,160,0,5.946133789999976,260.0658676999158,287.182743730084,10.327308190550962,10.715750450866599,6.739555999956792,9.262853800055382,60.83976373007317,1442.9811660000269,1463.7828267701025,26.90824082516997,3444.254825621756,30998.293430595804,3444.254825621756,148.3777269610062,562.485,78.7001953125,6.123282977540301,0.5298678792358378,True
20260924T225750Z_h100-80gbx1_qwen3-8b_fp8,prefill-1024-128,1024,128,64,320,3,320,0,11.068431389000125,978.664495099872,1170.4428169299558,16.442831629527465,16.8637157974801,8.639510999955746,19.463431600024702,141.9685475001052,2569.057627650045,2813.4413357100198,28.911052411457142,3700.614708666514,33305.53237799863,3700.614708666514,115.7472917165245,634.3372727272726,78.7001953125,5.833828261038602,0.4931613106671198,True
20260924T225750Z_h100-80gbx1_qwen3-8b_fp8,prefill-1024-128,1024,128,96,480,3,480,0,15.263238489999821,1402.2874663499692,1702.8189738999897,22.338731103543328,23.279423958661347,11.07203399988066,135.85738125021862,144.32380489986372,3845.8340500499844,4164.006477250034,31.448109804120975,4025.358054927485,36228.22249434736,4025.358054927485,90.31764172786848,651.0573626373626,78.7001953125,6.182800911153507,0.45337581777750124,True
20260924T225750Z_h100-80gbx1_qwen3-8b_fp8,prefill-1024-128,1024,128,104,520,3,520,0,16.315215183999953,1567.106565399854,1847.5978232700118,24.04089219291033,24.889095928977717,11.605353000049945,138.82008669997958,146.61383281994858,4199.5056641498195,4476.9305263201795,31.872089588493747,4079.6274673271996,36716.6472059448,4079.6274673271996,86.16713339057385,648.4901020408165,78.7001953125,6.2909633539332335,0.4473447672896622,True
20260924T225750Z_h100-80gbx1_qwen3-8b_fp8,prefill-1024-128,1024,128,108,540,3,540,0,16.740019950999795,1585.6675325499054,1897.8023735601664,24.68538910118187,25.507124861025453,11.766713999804779,139.43173719999322,146.4831742399747,4298.814811500074,4583.316859910069,32.25802607049752,4129.027337023683,37161.246033213145,4129.027337023683,84.98549382746883,649.6952475247523,78.7001953125,6.355329445235589,0.4419927142733598,True
20260924T225750Z_h100-80gbx1_qwen3-8b_fp8,prefill-1024-128,1024,128,112,560,3,560,0,17.26127276499983,1590.699543799951,2006.2669448302813,25.30077299606446,26.391338298583825,12.008553999748983,140.06299354969087,148.13802861001477,4429.432492450035,4848.285413010153,32.442567105219226,4152.648589468061,37373.837305212546,4152.648589468061,83.27397287141342,650.7342857142858,78.7001953125,6.381481167708659,0.439478554633436,False
20260924T225750Z_h100-80gbx1_qwen3-8b_fp8,prefill-1024-128,1024,128,128,640,3,640,0,19.214068740999892,1849.1539258999865,2285.852100589991,28.44720450984233,29.33470464700833,12.933915000076013,142.69878764982877,148.58687051006882,5087.743128249974,5511.809547400117,33.30892631992815,4263.542568950803,38371.88312055723,4263.542568950803,77.316110396127,663.8163478260873,78.7001953125,6.422774285257291,0.42804779604888676,False
20260924T225750Z_h100-80gbx1_qwen3-8b_fp8,prefill-1024-128,1024,128,256,1280,3,1280,0,35.923393253000086,3731.414982350168,4684.960596070082,53.096900151968825,54.649969919292126,21.62553100004061,154.1094329999396,156.99288538002293,10176.140888300006,11092.10418476002,35.631377887530235,4560.81636960387,41047.34732643483,4560.81636960387,46.24163910694827,683.4405607476629,78.7001953125,6.673318254062179,0.4001476604414377,False
20260924T225750Z_h100-80gbx1_qwen3-8b_fp8,prefill-1024-128,1024,128,512,2560,3,2560,0,74.17712967800003,7716.272047800169,13025.842489630004,84.92376619212541,104.99481851047253,35.111561999883634,162.8053642500049,167.08403759981823,18959.424154649936,23693.409240859906,34.51198517808465,4417.534102794835,39757.80692515352,4417.534102794835,28.4806469163438,687.2440674157305,78.7001953125,6.427897034318905,0.4131264088816835,False
20260924T125045Z_h100-80gbx1_qwen3-8b_bf16,balanced-2048-2048,2048,2048,1,50,3,50,0,719.2773272760005,61.34448784923734,62.19478476952644,7.0145524155589065,7.018418781382284,6.997618500463432,7.098049100022763,7.1576141798868775,14420.40520454957,14423.359824310064,0.06951421670603283,142.36511581395524,284.7302316279105,142.36511581395524,142.90576142923095,428.55583584511965,70.5576171875,0.3321973565783061,12.81915158475294,True
20260924T125045Z_h100-80gbx1_qwen3-8b_bf16,balanced-2048-2048,2048,2048,4,50,3,50,0,202.21452527200017,203.74610840026432,204.992775779574,7.605065262115747,7.610422916961076,7.527142499384354,7.74181429978853,7.8145005499936815,15646.22483239973,15649.32879912083,0.2472621585058969,506.39290062007683,1012.7858012401537,506.39290062007683,132.85254000197156,458.5235884773659,70.5576171875,1.1043987994198339,3.603920982630863,True
20260924T125045Z_h100-80gbx1_qwen3-8b_bf16,balanced-2048-2048,2048,2048,16,80,3,80,0,100.816993370001,787.2666905001097,788.6269593497127,9.800492023937512,9.812273427220338,9.464142999604519,10.232820100463869,10.454198209663446,20232.42497809997,20323.047871039686,0.793517018568466,1625.1228540282184,3250.245708056437,1625.1228540282184,105.66197066567858,504.0699834710744,70.5576171875,3.22400243481563,1.1229920220962635,True
20260924T125045Z_h100-80gbx1_qwen3-8b_bf16,balanced-2048-2048,2048,2048,32,160,3,160,0,129.59340908100057,1394.670541350115,1586.63792162135,12.585048138739005,12.60345740661953,11.865481998938776,13.686704399697192,14.247254809906735,26577.500653000607,26817.64378485077,1.234630689435712,2528.523651964338,5057.047303928676,2528.523651964338,84.27807653236825,573.5459202059201,70.5576171875,4.4085810096191125,0.7217650499659,True
20260924T125045Z_h100-80gbx1_qwen3-8b_bf16,balanced-2048-2048,2048,2048,40,200,3,200,0,145.52268061299765,1595.5286763984986,1994.2047643401384,14.103122149242536,14.161322878041911,13.249820000055479,15.323553201415052,15.84176039963495,29989.89554089876,30385.46681317097,1.3743562113996448,2814.6815209464726,5629.363041892945,2814.6815209464726,75.4727234027189,587.7061397479952,70.5576171875,4.789266830108991,0.6483859670867206,True
20260924T125045Z_h100-80gbx1_qwen3-8b_bf16,balanced-2048-2048,2048,2048,44,220,3,220,0,152.72132408499965,1799.8733630472998,2207.9194088607255,14.812954985369112,14.864057348569093,13.90668749991164,16.015566100941214,16.521554237588134,31647.135038250963,32035.20254073035,1.440532298407492,2950.2101471385436,5900.420294277087,2950.2101471385436,71.90785009056641,603.0963755458512,70.5576171875,4.891772304995804,0.6186000010101304,False
20260924T125045Z_h100-80gbx1_qwen3-8b_bf16,balanced-2048-2048,2048,2048,48,240,3,240,0,160.27773979799895,1914.8896835005871,2362.4633389009596,15.552562827356018,15.597045304538076,14.574094999261433,16.839479898226273,17.420200141532405,33283.24910805022,33692.92024052913,1.4974007014478525,3066.676636565202,6133.353273130404,3066.676636565202,68.6148951307561,603.7320395421427,70.5576171875,5.079532699458692,0.5951067609280356,False
20260924T125045Z_h100-80gbx1_qwen3-8b_bf16,balanced-2048-2048,2048,2048,64,320,3,320,0,189.25515340699894,2484.8276112490566,3093.350547830687,18.339913015754625,18.41596292449411,17.052958000022045,19.896158199026104,20.496771589841956,39610.19725364976,40217.23453677041,1.6908390299514344,3462.8383333405377,6925.676666681075,3462.8383333405377,58.64085280680966,655.6694889867837,70.5576171875,5.281377876362245,0.5270243148311967,False
20260924T125045Z_h100-80gbx1_qwen3-8b_bf16,balanced-2048-2048,2048,2048,128,640,3,640,0,334.61756631000026,12391.608357950372,28639.086041230374,40.02347191592538,43.366537221715035,25.508796999929473,26.86419499987096,202.7527319589717,85773.7872338993,91011.3982373706,1.9126312077922527,3917.0687135585335,7834.137427117067,3917.0687135585335,39.20216229729551,688.0268858993524,70.5576171875,5.693191347367695,0.4659096210599903,False
20260924T125045Z_h100-80gbx1_qwen3-8b_bf16,balanced-2048-2048,2048,2048,256,1280,3,1280,0,675.3867457980014,71721.6444977501,106426.36300362996,56.66703745539872,58.18801822086463,26.302584999939427,27.640850549505558,207.85213556933743,152793.60397440114,169143.06696561904,1.8952104227150912,3881.390945720507,7762.781891441014,3881.390945720507,38.01907683226964,688.1010644603637,70.5576171875,5.640728006669265,0.470192264969388,False
20260924T125045Z_h100-80gbx1_qwen3-8b_bf16,balanced-2048-2048,2048,2048,512,2560,3,2560,0,1343.956295062002,201812.07139875097,207123.93280578096,56.90611227721047,58.12872805954124,26.318441499824985,27.687908997904742,207.74115714157233,296747.00777340034,302737.2389603092,1.9048238468810454,3901.079238412381,7802.158476824762,3901.079238412381,37.99617086014192,689.5746371417939,70.5576171875,5.65722552468272,0.46781925935519286,False
20260924T125045Z_h100-80gbx1_qwen3-8b_bf16,chat-128-128,128,128,1,50,3,50,0,44.04220388799996,14.233944300013945,14.510723770007985,6.839557859842537,6.844125819606333,6.825528500002065,6.934325999992552,7.023279830020783,882.5110667000558,882.8869913400388,1.135274704398327,145.31516216298584,290.6303243259717,145.31516216298584,146.50880147957736,423.04958333333326,70.2841796875,0.34349439850053637,12.55890970243749,True
20260924T125045Z_h100-80gbx1_qwen3-8b_bf16,chat-128-128,128,128,4,50,3,50,0,11.675163919999932,24.209916550091748,24.742258950052474,6.933033101968544,6.936455174724179,6.921668000018144,7.040569849976919,7.285759139977017,901.2173711500338,903.7600051399613,4.282595117516799,548.1721750421502,1096.3443500843005,548.1721750421502,144.47384647708884,423.27042857142857,70.2841796875,1.2950873437869852,3.3292459615624805,True
20260924T125045Z_h100-80gbx1_qwen3-8b_bf16,chat-128-128,128,128,16,80,3,80,0,4.749087691,57.46893875002568,64.65723462999222,7.2801849649605215,7.370448540551152,7.138771999962046,7.333159499972908,8.089748169996938,966.6785627999728,971.4871033300369,16.8453406643992,2156.2036050430975,4312.407210086195,2156.2036050430975,140.08011461989773,436.7475862068964,70.2841796875,4.93695597443247,0.8463950230541993,True
20260924T125045Z_h100-80gbx1_qwen3-8b_bf16,chat-128-128,128,128,32,160,3,160,0,5.081501139000011,80.69987059996606,84.29472374996521,7.758088496850821,7.833709180078708,7.39723649996904,7.6917241999069565,12.441898979993766,1040.7645096999659,1045.5631775400252,31.48675866113973,4030.3051086258856,8060.610217251771,4030.3051086258856,135.18561965731195,491.53566666666666,70.2841796875,8.199415387203274,0.4528193153649912,True
20260924T125045Z_h100-80gbx1_qwen3-8b_bf16,chat-128-128,128,128,64,320,3,320,0,5.8870064829999365,181.89564990006488,189.0312696100034,9.100614275984583,9.181622479999994,8.148063000021466,8.729109699936544,14.56826396001361,1240.0624410999853,1243.1689531300094,54.35699806413878,6957.695752209764,13915.391504419527,6957.695752209764,122.72855524035167,548.52,70.2861328125,12.684488719116466,0.2622994831903048,True
20260924T125045Z_h100-80gbx1_qwen3-8b_bf16,chat-128-128,128,128,128,640,3,640,0,7.318406467999921,328.97836365005446,358.9441465700282,11.481356286613634,11.634751954645788,9.338815500029796,11.056601950014054,20.585226199991506,1595.366741100014,1607.9108301400083,87.45073163104978,11193.693648774371,22387.387297548743,11193.693648774371,107.07996105039332,630.061956521739,70.2861328125,17.766020520536152,0.16303823003051585,True
20260924T125045Z_h100-80gbx1_qwen3-8b_bf16,chat-128-128,128,128,256,1280,3,1280,0,12.51387407499999,828.4722355500378,916.8769050000208,17.545043398031904,17.9019633966146,12.831915999981902,16.2510400000201,144.76680127994626,2592.770025600032,2599.903191300003,102.2864695879562,13092.668107258394,26185.33621451679,13092.668107258394,77.93068470845745,670.5069333333336,70.2861328125,19.526521585943915,0.13939099235153188,True
20260924T125045Z_h100-80gbx1_qwen3-8b_bf16,chat-128-128,128,128,512,2560,3,2560,0,22.537184518999993,1633.6804069000436,1890.9570557200036,31.64675742480309,32.361866304961886,21.60183600005894,44.77069470003698,194.24342206000574,4714.162625100096,4742.193179550018,113.59005371064828,14539.52687496298,29079.05374992596,14539.52687496298,46.29236144544712,678.6852592592595,70.5576171875,21.423077452473212,0.1255199027928924,True
20260924T125045Z_h100-80gbx1_qwen3-8b_bf16,decode-128-1024,128,1024,1,50,3,50,0,351.49589945900016,14.096497500167969,14.603644430139866,6.867888576002009,6.875256725933515,6.857942499891578,6.942905050004811,7.00895557016338,7039.484030800145,7046.984449090123,0.14224917012390978,145.6631502068836,163.87104398274406,145.6631502068836,145.81632902518643,429.009179316888,70.5576171875,0.33953387766393084,12.52890657251319,True
20260924T125045Z_h100-80gbx1_qwen3-8b_bf16,decode-128-1024,128,1024,4,50,3,50,0,93.45583320300011,24.80837260006865,25.1263878401096,7.024844370723484,7.02634151526876,7.009242000094673,7.1500042001162,7.204824969694528,7207.475901149792,7207.660030199936,0.5350120831023194,547.8523730967751,616.333919733872,547.8523730967751,142.66877930402362,425.2225846702318,70.5576171875,1.2883896407375564,3.3311893670991255,True
20260924T125045Z_h100-80gbx1_qwen3-8b_bf16,decode-128-1024,128,1024,16,80,3,80,0,38.70016002900002,49.22231495002052,49.48092309989079,7.545642957282464,7.547468259833588,7.529770500241284,7.92555814989555,8.03984701024092,7758.759791700504,7758.872166230203,2.067174914523658,2116.787112472226,2381.3855015312542,2116.787112472226,132.80617250790792,465.54635193133055,70.5576171875,4.546887981595565,0.8621556647085575,True
20260924T125045Z_h100-80gbx1_qwen3-8b_bf16,decode-128-1024,128,1024,32,160,3,160,0,41.90045862700026,86.02127695075977,88.58880668029087,8.164760019940976,8.168893364105424,8.110045000194077,8.893149600407922,9.082455759498771,8409.291076600039,8409.823718370053,3.8185739546272535,3910.2197295383075,4398.997195730596,3910.2197295383075,123.30387808897109,526.2187351778659,70.5576171875,7.430787746879867,0.4667256896623259,True
20260924T125045Z_h100-80gbx1_qwen3-8b_bf16,decode-128-1024,128,1024,64,320,3,320,0,49.67124049499944,249.16893034978784,251.07506706990534,9.633419520869815,9.64468317204323,9.494281999195664,11.011287949759208,11.384480690094277,9992.548853350036,9994.510540190058,6.442359739983048,6596.976373742641,7421.598420460471,6596.976373742641,105.32655340179679,614.4157046979865,70.5576171875,10.736991784715785,0.2766418881328552,True
20260924T125045Z_h100-80gbx1_qwen3-8b_bf16,decode-128-1024,128,1024,128,640,3,640,0,63.621255247999215,447.00227889989037,463.85084484997606,12.29590386495588,12.310985610430285,12.00430650033013,14.94262315027299,15.891580920560918,12790.632544900336,12793.280895119551,10.05953116619979,10300.959914188585,11588.579903462158,10300.959914188585,83.30343780979759,689.4892931937172,70.5576171875,14.939985313585504,0.17716795475402614,True
20260924T125045Z_h100-80gbx1_qwen3-8b_bf16,decode-128-1024,128,1024,256,1280,3,1280,0,96.61184463300015,848.8247228000091,929.8476895898513,18.64079925136856,18.6845719608897,18.084120499679557,23.551525299671994,25.318825190324787,19465.380277749773,19468.22922527992,13.248893082026763,13566.866515995405,15262.72483049483,13566.866515995405,55.29713208987518,689.8689310344822,70.5576171875,19.665861014571888,0.13451890293519994,True
20260924T125045Z_h100-80gbx1_qwen3-8b_bf16,decode-128-1024,128,1024,384,1920,3,1920,0,144.65665995400013,1740.4764952495498,1748.3491053096714,28.99056798010716,30.02123961175015,24.779083499652188,31.09017564961505,32.45374890012499,30025.958649499396,31375.090461820102,13.272807491964404,13591.35487177155,15290.274230742993,13591.35487177155,40.35661771001484,681.0913725490198,70.5576171875,19.95525919070917,0.13427653219403599,True
20260924T125045Z_h100-80gbx1_qwen3-8b_bf16,decode-128-1024,128,1024,392,1960,3,1960,0,150.68589686199994,1758.4160338507445,1763.819533320293,30.560793232159583,31.72805742946263,25.67268550001245,31.69154414963486,49.071024500699444,31675.35192545042,32943.68422851979,13.007189397392597,13319.36194293002,14984.282185796272,13319.36194293002,38.95190473935869,680.3059889502761,70.5576171875,19.5784869739013,0.13701857550081212,True
20260924T125045Z_h100-80gbx1_qwen3-8b_bf16,decode-128-1024,128,1024,396,1980,3,1980,0,152.19292871300058,1947.1864622505564,1968.1767526007388,30.96912095694112,32.046226671750766,25.77042199936841,31.768799999554176,48.18845256020722,32086.00422265026,33517.14054873052,13.009802864979397,13322.038133738903,14987.292900456265,13322.038133738903,38.804176354756954,681.4924863088723,70.5576171875,19.548327239665216,0.13699105059443362,True
20260924T125045Z_h100-80gbx1_qwen3-8b_bf16,decode-128-1024,128,1024,400,2000,3,2000,0,153.72023539699967,1957.860029500489,2133.3975991805255,31.4781208916914,32.60955824653016,26.018103999376763,31.813720300488054,49.93814119985458,32624.346618749583,33910.94468842064,13.01064882469622,13322.90439648893,14988.267446050046,13322.90439648893,38.43477603225639,680.829457700652,70.5576171875,19.568636823506484,0.13698214335914277,False
20260924T125045Z_h100-80gbx1_qwen3-8b_bf16,decode-128-1024,128,1024,416,2080,3,2080,0,163.05745385200044,2330.884514549234,2359.8814538097304,34.08313420508361,35.20374621445669,27.507724999850325,32.922099800634896,52.7549263303808,35320.685372049455,36798.477981450276,12.756239907241026,13062.38966501481,14695.188373141662,13062.38966501481,36.35342435644682,681.7604805725967,70.5576171875,19.15979297310395,0.13971409878300634,False
20260924T125045Z_h100-80gbx1_qwen3-8b_bf16,decode-128-1024,128,1024,448,2240,3,2240,0,173.37796063299993,2930.9126548999757,5429.163579160032,37.50611359325508,38.69890595903229,28.848830499555334,33.93539519984187,58.91669140987691,38648.64129380053,40568.3219826504,12.919750537045186,13229.82454993427,14883.552618676054,13229.82454993427,34.66345022254589,685.0659519230767,70.5576171875,19.31175314259348,0.13794589588938028,False
20260924T125045Z_h100-80gbx1_qwen3-8b_bf16,decode-128-1024,128,1024,512,2560,3,2560,0,193.8564318230001,4332.290058499302,12541.610873729947,44.30274975136907,46.23493928493648,30.409165000492067,38.02409119998629,71.10865220016406,46201.555360949256,47865.95051223029,13.205649025549993,13522.584602163193,15212.907677433594,13522.584602163193,32.88482271656648,687.404849527085,70.5576171875,19.67193657633685,0.13495940707282073,False
20260924T125045Z_h100-80gbx1_qwen3-8b_bf16,longctx-8192-512,8192,512,1,50,3,50,0,198.68234787599795,253.86976210011198,254.6361761193839,7.301358680134077,7.309091846556463,7.300566499907291,7.3929099504312035,7.482726597772853,3980.8218606496666,3983.5674165587625,0.2516579884147841,128.84889006836946,2190.431131162281,128.84889006836946,136.9756716842041,451.158109243697,70.5576171875,0.28559586412924387,14.163878315378762,True
20260924T125045Z_h100-80gbx1_qwen3-8b_bf16,longctx-8192-512,8192,512,4,50,3,50,0,67.79522426199765,893.4201958987614,898.1187523085828,9.849988204892197,9.854448656028126,8.616659499239177,8.72626045056677,8.871361287783655,5300.300069350851,5468.588419068292,0.7375150763831503,377.60771910817294,6419.33122483894,377.60771910817294,116.054255142413,499.81167487684695,70.5576171875,0.7554999974764797,4.8330579796150674,True
20260924T125045Z_h100-80gbx1_qwen3-8b_bf16,longctx-8192-512,8192,512,7,50,3,50,0,51.041192574997694,1345.2271158523217,1573.7907990591339,12.61899154031095,12.628361042720584,10.181732499404461,10.487153799840598,10.9328709496185,6964.369791751233,7133.2431124504365,0.9796009355880976,501.55567902110596,8526.446543358801,501.55567902110596,98.21511221773808,525.6222475570034,70.5576171875,0.9542131851386533,3.6386787675535466,True
20260924T125045Z_h100-80gbx1_qwen3-8b_bf16,longctx-8192-512,8192,512,10,50,3,50,0,40.91222659599953,1905.7861938514172,2238.873011821561,15.439579113014771,15.454219069118146,11.779229498642962,12.367290949623566,25.325157190454775,8785.973369950441,9225.615373878753,1.2221285459171047,625.7298155095576,10637.40686366248,625.7298155095576,84.89519625330384,556.9186991869917,70.5576171875,1.123556843077847,2.916594278816373,False
20260924T125045Z_h100-80gbx1_qwen3-8b_bf16,longctx-8192-512,8192,512,16,80,3,80,0,52.24630529999922,2921.161357549317,3588.5387118808285,19.45238590949621,19.833954904068932,13.754661000348278,14.695150451734659,223.46769088973815,12233.375311451162,12938.411031898213,1.531208753243671,783.9788816607595,13327.640988232912,783.9788816607595,72.70262785645384,602.6904458598729,70.5576171875,1.3007985891368132,2.327868827453579,False
20260924T125045Z_h100-80gbx1_qwen3-8b_bf16,longctx-8192-512,8192,512,32,160,3,160,0,86.09744035599942,5619.3786492001855,7086.424020407902,32.51467359696428,32.979990130824135,20.27201800046896,39.56429790196128,231.21862566909843,21645.923445301007,23103.493776887735,1.8583595440053162,951.4800865307219,16175.161471022273,951.4800865307219,49.329080113132626,652.1962596899226,70.5576171875,1.4588861441540457,1.9180643145715204,False
20260924T125045Z_h100-80gbx1_qwen3-8b_bf16,longctx-8192-512,8192,512,64,320,3,320,0,166.87963306500023,23517.792149546585,26519.161703930877,42.65937868757043,57.66432079886171,25.280438001573202,232.96810949796054,238.7176535405888,45135.472724746796,48155.77572776983,1.9175497580064718,981.7854760993135,16690.35309368833,981.7854760993135,39.55627667280804,665.0893900000001,70.5576171875,1.4761707085709388,1.8588582174293544,False
20260924T125045Z_h100-80gbx1_qwen3-8b_bf16,longctx-8192-512,8192,512,128,640,3,640,0,329.62213176799924,47014.26551324965,52999.39189580033,42.64844790577021,57.900441090920346,25.297854999735137,232.98435640117532,238.49885966967122,68595.81864225092,74588.3756857994,1.9416171983574715,994.1080055590254,16899.836094503433,994.1080055590254,39.529043075409746,667.2920738492664,70.5576171875,1.4897644442628024,1.8358166213275104,False
20260924T125045Z_h100-80gbx1_qwen3-8b_bf16,longctx-8192-512,8192,512,256,1280,3,1280,0,659.2539166189999,112041.21226289953,118283.38037691763,42.716180109001236,59.44544957375804,25.33044150004571,233.46158064869087,238.6354466519697,133656.17398380162,139914.94089774767,1.941588768352734,994.0934493965998,16899.588639742196,994.0934493965998,39.478190697868236,668.4196762771862,70.5576171875,1.4872294827304877,1.8358435025477218,False
20260924T125045Z_h100-80gbx1_qwen3-8b_bf16,longctx-8192-512,8192,512,512,2560,3,2560,0,1314.6629166300008,245468.19046289858,246893.27525826092,42.71315997514749,59.44655507266315,25.31696600090072,233.37629919988103,238.8130752788857,267111.8536118502,270114.9789697487,1.9472672177916823,997.0008155093414,16949.0138636588,997.0008155093414,39.49920381314342,669.4342884322687,70.5576171875,1.489318418158999,1.8304899771497738,False
20260924T125045Z_h100-80gbx1_qwen3-8b_bf16,prefill-1024-128,1024,128,1,50,3,50,0,45.39124607999997,34.30782494999676,35.10489689002724,6.898932712992723,6.9053335429925475,6.88869300006445,6.985965000012584,7.105286350024472,909.1968788000713,909.7832551600914,1.101533981064924,140.99634957631028,1268.9671461867924,140.99634957631028,145.16541817012953,433.90258302583044,70.5576171875,0.3249493206356799,12.943597514999993,True
20260924T125045Z_h100-80gbx1_qwen3-8b_bf16,prefill-1024-128,1024,128,4,50,3,50,0,12.039812474999962,32.24419655003885,32.994962000054784,7.1294061011805185,7.132945956849919,7.116909500041402,7.225252050000108,7.533207809860869,933.8978263499598,934.6040082998934,4.152888602195621,531.5697410810395,4784.127669729356,531.5697410810395,140.51042801572544,429.40291666666656,70.5576171875,1.2379276442914389,3.433227776074208,True
20260924T125045Z_h100-80gbx1_qwen3-8b_bf16,prefill-1024-128,1024,128,16,80,3,80,0,5.82863241799987,236.1086561500428,260.9630120299448,10.066436079134602,10.21172532425231,7.897389500044483,8.126331100027071,19.682931739971533,1358.4325231000435,1361.1822105499982,13.725346575801478,1756.8443617025891,15811.5992553233,1756.8443617025891,126.62412053937157,494.9951428571428,70.5576171875,3.549215355047676,1.0387943518407972,True
20260924T125045Z_h100-80gbx1_qwen3-8b_bf16,prefill-1024-128,1024,128,32,160,3,160,0,7.593218201999889,265.76351800000566,268.06443154001727,13.263597845670617,13.901326049369532,8.843989999945734,9.464890700053274,74.24999456995931,1838.1464286001687,1843.777182059896,21.07143450162666,2697.1436162082123,24274.29254587391,2697.1436162082123,113.07113644476486,566.0043999999999,70.5576171875,4.7652343625035645,0.6766417587231347,True
20260924T125045Z_h100-80gbx1_qwen3-8b_bf16,prefill-1024-128,1024,128,64,320,3,320,0,14.385467356999925,1271.3291033999212,1553.615837930015,21.58322468779513,22.00286498582682,10.917659500023547,24.408168199988715,193.70844305984068,3370.5650079501197,3755.102647950023,22.244671796796993,2847.317989990015,25625.861909910134,2847.317989990015,91.5947232094794,659.9122352941179,70.5576171875,4.314691920693041,0.6409540509405484,True
20260924T125045Z_h100-80gbx1_qwen3-8b_bf16,prefill-1024-128,1024,128,80,400,3,400,0,16.966677639999943,1594.1696225998385,1952.5569503699944,25.234579242911725,26.022784103543337,11.956969000038953,97.5836896999226,198.13084217999403,4246.596345499825,4632.320737169753,23.575623259145114,3017.6797771705747,27159.117994535172,3017.6797771705747,83.63323514485504,666.4522549019608,70.5576171875,4.5279759427245,0.6047692713476543,True
20260924T125045Z_h100-80gbx1_qwen3-8b_bf16,prefill-1024-128,1024,128,84,420,3,420,0,17.748518952999802,1650.8085144000688,2043.9466943699335,26.350308754723933,27.11828647960542,12.507713000104559,123.63456190028046,197.45948309989217,4405.962120750041,4790.434308050071,23.66394633333689,3028.985130667122,27260.8661760041,3028.985130667122,79.9506672396177,664.7647663551402,70.5576171875,4.55647664251949,0.6025120366299226,False
20260924T125045Z_h100-80gbx1_qwen3-8b_bf16,prefill-1024-128,1024,128,88,440,3,440,0,18.242815587000223,1778.774473450062,2174.3339201701247,27.124188329133993,27.951914022206534,12.583046999679937,172.59195494982578,197.8659352399518,4713.388336749949,5114.569057919757,24.119083915617868,3087.242741199087,27785.184670791783,3087.242741199087,79.47200706040724,670.4115454545456,70.5576171875,4.604996381895401,0.5911423729807423,False
20260924T125045Z_h100-80gbx1_qwen3-8b_bf16,prefill-1024-128,1024,128,96,480,3,480,0,19.561773639999956,1844.150562649611,2333.4819003501707,28.93705643503839,29.89539871732277,13.072921999992104,191.62660204997337,199.14014187976136,5013.183067150012,5564.401158409801,24.53765230257521,3140.819494729627,28267.375452566645,3140.819494729627,76.49399269731771,679.9888034188033,70.5576171875,4.618928251374758,0.5810585431803373,False
20260924T125045Z_h100-80gbx1_qwen3-8b_bf16,prefill-1024-128,1024,128,128,640,3,640,0,24.464595550000013,2497.5243411999713,3083.7710104501093,36.10896714724419,37.58326917496053,14.872808000063742,195.40917849989228,199.95345935016314,6507.894557050099,7097.479513480059,26.160252626780075,3348.5123362278496,30136.611026050647,3348.5123362278496,67.23679886109699,684.1039864864865,70.5576171875,4.894741738643551,0.5450181503753666,False
20260924T125045Z_h100-80gbx1_qwen3-8b_bf16,prefill-1024-128,1024,128,256,1280,3,1280,0,45.287971295000034,5112.708217600152,6326.237585869994,67.22233893503918,68.71456719881915,23.673499999858905,205.31111780010178,209.02948179989838,13251.561433400002,14478.634837910127,28.26357558969123,3617.7376754804773,32559.639079324294,3617.7376754804773,42.24132468819398,689.9250367647057,70.5576171875,5.243667764899916,0.5044589087730411,False
20260924T125045Z_h100-80gbx1_qwen3-8b_bf16,prefill-1024-128,1024,128,512,2560,3,2560,0,93.15274875999967,13528.357725449883,16233.868657680168,92.63517401102446,113.0467446586616,31.38982199993734,211.5486989996498,214.8097540002709,25008.160687999884,27725.62559422024,27.481744060989843,3517.6632398067,31658.9691582603,3517.6632398067,31.857460039180733,693.488028673835,70.5576171875,5.072420999874457,0.5188103225311261,False
